Number,Major 1,Major 2,Terms
1,Civil Engineering BS,,7
2,Legal Studies BA,,8
3,Engineering Undeclared UG,,3
4,Cognitive Science BA,,6
5,Civil Engineering BS,,3
6,Chemical Biology BS,,5
7,Bioengineering BS,,5
8,Letters & Sci Undeclared UG,,5
9,Aerospace Engineering BS,,5
10,Industrial Eng & Ops Rsch BS,,3
11,Industrial Eng & Ops Rsch BS,,7
12,Industrial Eng & Ops Rsch BS,,7
13,Mechanical Engineering BS,,7
14,Physics BA,,7
15,Industrial Eng & Ops Rsch BS,,7
16,Letters & Sci Undeclared UG,,5
17,Applied Mathematics BA,,5
18,Industrial Eng & Ops Rsch BS,,5
19,Civil Engineering BS,,3
20,Business Administration BS,Data Science BA,5
21,Chemistry BS,,5
22,Mechanical Engineering BS,,5
23,Civil Engineering BS,,5
24,Mechanical Engineering BS,,3
25,Letters & Sci Undeclared UG,,5
26,Chemical Engineering BS,,5
27,Civil Engineering BS,,5
28,Industrial Eng & Ops Rsch BS,,5
29,Aerospace Engineering BS,,5
30,Materials Science & Eng BS,,5
31,Civil Engineering BS,,5
32,Letters & Sci Undeclared UG,,5
33,Applied Mathematics BA,,5
34,Civil Engineering BS,,5
35,Civil Engineering BS,,5
36,Industrial Eng & Ops Rsch BS,,5
37,Industrial Eng & Ops Rsch BS,,5
38,Chemical Biology BS,,4
39,Chemistry BS,,3
40,Civil Engineering BS,,3
41,Bioengineering BS,,3
42,Mechanical Engineering BS,,3
43,Business Administration BS,Civil Engineering BS,3
44,Environmental Engin Sci BS,,3
45,Bioengineering BS,,3
46,Business Administration BS,Civil Engineering BS,3
47,Business Administration BS,Mechanical Engineering BS,3
48,Bioengineering BS,,3
49,Civil Engineering BS,,3
50,Bioengineering BS,,3
51,Civil Engineering BS,,3
52,Aerospace Engineering BS,,3
53,Bioengineering BS,,3
54,Mechanical Engineering BS,,3
55,Bioengineering BS,,3
56,Mechanical Engineering BS,,3
57,Civil Engineering BS,,3
58,Civil & Env Eng Prof MS,,G
59,Civil Engineering BS,,3
60,Engineering Undeclared UG,,3
61,Civil Engineering BS,,3
62,Civil Engineering BS,,3
63,Bioengineering BS,,3
64,Civil Engineering BS,,3
65,Civil Engineering BS,,3
66,Bioengineering BS,,3
67,Civil Engineering BS,,3
68,Civil Engineering BS,,3
69,Letters & Sci Undeclared UG,,3
70,Engineering Undeclared UG,,3
71,Civil Engineering BS,,3
72,Bioengineering BS,,3
73,Chemical Biology BS,,3
74,Mechanical Engineering BS,,3
75,Civil Engineering BS,,3
76,Mechanical Engineering BS,,3
77,Aerospace Engineering BS,,3
78,Civil Engineering BS,,3
79,Aerospace Engineering BS,,3
80,Civil Engineering BS,,3
81,Letters & Sci Undeclared UG,,3
82,Civil Engineering BS,,3
83,Civil Engineering BS,,3
84,Bioengineering BS,,3
85,Bioengineering BS,,3
86,Engineering Physics BS,,3
87,Civil Engineering BS,,3
88,Environmental Engin Sci BS,,3
89,Engineering Undeclared UG,,3
90,Mechanical Engineering BS,,3
91,Letters & Sci Undeclared UG,,3
92,Letters & Sci Undeclared UG,,3
93,Letters & Sci Undeclared UG,,3
94,Mathematics BA,,3
95,Chemical Engineering BS,,3
96,Bioengineering BS,,3
97,Environmental Sciences BS,,3
98,Bioengineering BS,,3
99,Mechanical Engineering BS,,3
100,Environmental Engin Sci BS,,3
101,Civil Engineering BS,,3
102,Bioengineering BS,,3
103,Bioengineering BS,,3
104,Aerospace Engineering BS,,3
105,Civil Engineering BS,,3
106,Bioengineering BS,,3
107,Chemical Biology BS,,3
108,Energy Engineering BS,,3
109,Environmental Engin Sci BS,,3
110,Materials Science & Eng BS,,3
111,Environmental Engin Sci BS,,3
112,Civil Engineering BS,,3
113,Civil Engineering BS,,3
114,Mathematics BA,,3
115,Civil Engineering BS,,3
116,Environmental Engin Sci BS,,3
117,Bioengineering BS,,3
118,Civil Engineering BS,,3
119,Environmental Engin Sci BS,,3
120,Aerospace Engineering BS,,3
121,Civil Engineering BS,,3
122,Chemistry BS,,3
123,Bioengineering BS,,3
124,Bioengineering BS,,3
125,Bioengineering BS,,3
126,Industrial Eng & Ops Rsch BS,,3
127,Industrial Eng & Ops Rsch BS,,3
128,Letters & Sci Undeclared UG,,3
129,Industrial Eng & Ops Rsch BS,,3
130,Civil Engineering BS,,2
131,Civil Engineering BS,,3
132,Nuclear Engineering BS,,3
133,Mechanical Engineering BS,,3
134,Mechanical Engineering BS,,3
135,Chemistry BS,,3
136,Letters & Sci Undeclared UG,,3
137,Letters & Sci Undeclared UG,,3
138,Bioengineering BS,,3
139,Letters & Sci Undeclared UG,,3
140,Letters & Sci Undeclared UG,,3
141,Civil Engineering BS,,3
142,Civil Engineering BS,,3
143,Architecture BA,,3
144,Letters & Sci Undeclared UG,,3
145,Chemical Engineering BS,,3
146,Civil Engineering BS,,3
147,Mechanical Engineering BS,,3
148,Industrial Eng & Ops Rsch BS,,3
149,Chemical Engineering BS,,3
150,Bioengineering BS,,3
151,Bioengineering BS,,3
152,Civil Engineering BS,,3
153,Industrial Eng & Ops Rsch BS,,3
154,Bioengineering BS,,3
155,Chemical Engineering BS,,3
156,Civil Engineering BS,,3
157,Civil Engineering BS,,3
158,Letters & Sci Undeclared UG,,3
159,Letters & Sci Undeclared UG,,3
160,Civil Engineering BS,,3
161,Bioengineering BS,,3
162,Mechanical Engineering BS,,3
163,Bioengineering BS,,3
164,Bioengineering BS,,3
165,Civil Engineering BS,,3
166,Engineering Undeclared UG,,3
167,Aerospace Engineering BS,,3
168,Bioengineering BS,,3
169,Civil Engineering BS,,3
170,English BA,,3
171,Letters & Sci Undeclared UG,,3
172,Civil Engineering BS,,3
173,Civil Engineering BS,,3
174,Environmental Engin Sci BS,,3
175,Mechanical Engineering BS,,3
176,Letters & Sci Undeclared UG,,3
177,Civil Engineering BS,,3
178,Chemical Engineering BS,,3
179,Letters & Sci Undeclared UG,,3
180,Mechanical Engineering BS,,3
181,Bioengineering BS,,3
182,Civil Engineering BS,,3
183,Civil Engineering BS,,3
184,Aerospace Engineering BS,,3
185,Civil Engineering BS,,3
186,Mechanical Engineering BS,,3
187,Aerospace Engineering BS,,3
188,Letters & Sci Undeclared UG,,3
189,Civil Engineering BS,,3
190,Letters & Sci Undeclared UG,,3
191,Civil Engineering BS,,3
192,Letters & Sci Undeclared UG,,3
193,Mechanical Engineering BS,,3
194,Letters & Sci Undeclared UG,,3
195,Letters & Sci Undeclared UG,,3
196,Civil Engineering BS,,3
197,Mechanical Engineering BS,,3
198,Mechanical Engineering BS,,3
199,Bioengineering BS,,3
200,Letters & Sci Undeclared UG,,3
201,Engineering Undeclared UG,,3
202,Engineering Undeclared UG,,3
203,Civil Engineering BS,,3
204,Chemical Engineering BS,,3
205,Aerospace Engineering BS,,3
206,Letters & Sci Undeclared UG,,3
207,Bioengineering BS,,3
208,Engineering Undeclared UG,,3
209,Letters & Sci Undeclared UG,,1
210,Cognitive Science BA,,7
211,Applied Mathematics BA,,7
212,Civil Engineering BS,,7
213,Bioengineering BS,,1
214,Nuclear Engineering BS,,1
215,Mechanical Engineering BS,,1
216,Mechanical Engineering BS,,1
217,Mechanical Engineering BS,,1
218,Mechanical Engineering BS,,1
219,Business Administration BS,Civil Engineering BS,1
220,Letters & Sci Undeclared UG,,1
221,Mechanical Engineering BS,,1
222,Chemical Engineering BS,,1
223,Mechanical Engineering BS,,1
224,Engineering Undeclared UG,,1
225,Business Administration BS,Civil Engineering BS,1
226,Letters & Sci Undeclared UG,,1
227,Environmental Engineering BS,,1
228,Eng Math & Statistics BS,,1
229,Nuclear Engineering BS,,1
230,Civil Engineering BS,,1
231,Chemical Engineering BS,,1
232,Energy Engineering BS,,1
233,Chemical Engineering BS,,1
234,CNR Undeclared UG,,1
235,Energy Engineering BS,,1
236,Bioengineering BS,,1
237,Environmental Engin Sci BS,,1
238,Engineering Undeclared UG,,1
239,Chemical Engineering BS,,1
240,Chemical Engineering BS,,1
241,Mechanical Engineering BS,,1
242,Environmental Engineering BS,,1
243,Chemical Engineering BS,,1
244,Mechanical Engineering BS,,1
245,Chemical Engineering BS,,1
246,Chemical Engineering BS,,1
247,Materials Science & Eng BS,,1
248,Chemical Engineering BS,,1
249,Electrical & Computer Engin BS,,1
250,Mechanical Engineering BS,,1
251,Mechanical Engineering BS,,1
252,Mechanical Engineering BS,,1
253,Letters & Sci Undeclared UG,,1
254,Engineering Physics BS,,1
255,Letters & Sci Undeclared UG,,1
256,Nuclear Engineering BS,,1
257,Nuclear Engineering BS,,1
258,Chemical Engineering BS,,1
259,Engineering Undeclared UG,,1
260,Chemical Engineering BS,,1
261,Environmental Engineering BS,,1
262,Nuclear Engineering BS,,1
263,Materials Science & Eng BS,,1
264,Mechanical Engineering BS,,1
265,Mechanical Engineering BS,,1
266,Mechanical Engineering BS,,1
267,Mechanical Engineering BS,,1
268,Mechanical Engineering BS,,1
269,Industrial Eng & Ops Rsch BS,,1
270,Bioengineering BS,,1
271,Mechanical Engineering BS,,1
272,Letters & Sci Undeclared UG,,1
273,Mechanical Engineering BS,,1
274,Mechanical Engineering BS,,1
275,Chemical Engineering BS,,1
276,Mechanical Engineering BS,,1
277,Chemical Engineering BS,,1
278,Civil Engineering BS,,1
279,Bioengineering BS,,1
280,Materials Science & Eng BS,,1
281,Chemical Engineering BS,,1
282,Industrial Eng & Ops Rsch BS,,1
283,Energy Engineering BS,,1
284,Materials Science & Eng BS,,1
285,Letters & Sci Undeclared UG,,1
286,Chemical Engineering BS,,1
287,Environmental Engineering BS,,1
288,Chemical Engineering BS,,1
289,Mechanical Engineering BS,,1
290,Chemical Engineering BS,,1
291,Chemical Engineering BS,,1
292,Chemical Engineering BS,,1
293,Chemical Engineering BS,,1
294,Nuclear Engineering BS,,1
295,Chemical Engineering BS,,1
296,Nuclear Engineering BS,,1
297,Letters & Sci Undeclared UG,,1
298,Civil Engineering BS,,1
299,Chemical Engineering BS,,1
300,Chemical Engineering BS,,1
301,Chemical Engineering BS,,1
302,Civil Engineering BS,,1
303,Nuclear Engineering BS,,1
304,Mechanical Engineering BS,,1
305,Industrial Eng & Ops Rsch BS,,1
306,Letters & Sci Undeclared UG,,1
307,Chemical Engineering BS,,1
308,Engineering Undeclared UG,,1
309,Nuclear Engineering BS,,1
310,Chemical Engineering BS,,1
311,Mechanical Engineering BS,,1
312,Chemical Engineering BS,,1
313,Chemical Engineering BS,,1
314,Industrial Eng & Ops Rsch BS,,1
315,Materials Science & Eng BS,,1
316,Bioengineering BS,,1
317,Chemical Engineering BS,,1
318,Mechanical Engineering BS,,1
319,Energy Engineering BS,,1
320,Mechanical Engineering BS,,1
321,Letters & Sci Undeclared UG,,1
322,Letters & Sci Undeclared UG,,1
323,Business Administration BS,,1
324,Mechanical Engineering BS,,1
325,Chemical Engineering BS,,1
326,Materials Science & Eng BS,,1
327,Letters & Sci Undeclared UG,,1
328,Nuclear Engineering BS,,1
329,Nuclear Engineering BS,,1
330,Engineering Undeclared UG,,1
331,Bioengineering BS,,1
332,Chemical Biology BS,,1
333,Nuclear Engineering BS,,1
334,Mechanical Engineering BS,,1
335,Chemical Engineering BS,,1
336,Chemical Biology BS,,1
337,Chemical Engineering BS,,1
338,Chemistry BS,,1
339,Letters & Sci Undeclared UG,,1
340,Chemical Engineering BS,,1
341,Chemical Engineering BS,,1
342,Letters & Sci Undeclared UG,,1
343,Aerospace Engineering BS,,1
344,Chemical Engineering BS,,1
345,Chemical Engineering BS,,1
346,Chemical Engineering BS,,1
347,Chemical Engineering BS,,1
348,Civil Engineering BS,,1
349,Mechanical Engineering BS,,1
350,Chemical Engineering BS,,1
351,Nuclear Engineering BS,,1
352,Chemical Engineering BS,,1
353,Mechanical Engineering BS,,1
354,Mechanical Engineering BS,,1
355,Nuclear Engineering BS,,1
356,Letters & Sci Undeclared UG,,1
357,Mechanical Engineering BS,,1
358,Chemical Engineering BS,,1
359,Chemical Engineering BS,,1
360,Chemical Engineering BS,,1
361,Letters & Sci Undeclared UG,,1
362,Civil Engineering BS,,1
363,Nuclear Engineering BS,,1
364,Mechanical Engineering BS,,1
365,Chemical Engineering BS,,5
366,Chemical Engineering BS,,5
367,Mechanical Engineering BS,,5
368,Mechanical Engineering BS,,5
369,Chemistry BS,,5
370,Letters & Sci Undeclared UG,,5
371,Bioengineering BS,,5
372,Chemical Engineering BS,,5
373,Letters & Sci Undeclared UG,,1
374,Bioengineering BS,,5
375,Mechanical Engineering BS,,5
376,Mechanical Engineering BS,,5
377,Mechanical Engineering BS,,5
378,Chemical Engineering BS,,5
379,Mathematics BA,,5
380,Physics BA,,5
381,Mechanical Engineering BS,,5
382,Chemical Engineering BS,,5
383,Chemical Engineering BS,,5
384,Mechanical Engineering BS,,5
385,Materials Science & Eng BS,,5
386,Mechanical Engineering BS,,5
387,Letters & Sci Undeclared UG,,5
388,Materials Science & Eng BS,,5
389,Nuclear Engineering BS,,5
390,Industrial Eng & Ops Rsch BS,,5
391,Mechanical Engineering BS,,5
392,Mechanical Engineering BS,,5
393,Chemical Engineering BS,,5
394,Aerospace Engineering BS,,5
395,Aerospace Engineering BS,,5
396,Bioengineering BS,,5
397,Mechanical Engineering BS,,5
398,Mechanical Engineering BS,,5
399,Mechanical Engineering BS,,5
400,Mechanical Engineering BS,,5
401,Chemical Engineering BS,,5
402,Chemical Engineering BS,,5
403,Chemical Engineering BS,,5
404,Art BA,,5
405,Environmental Sciences BS,,5
406,Industrial Eng & Ops Rsch BS,,5
407,Mechanical Engineering BS,,5
408,South & SE Asian Studies BA,,5
409,Mechanical Engineering BS,,5
410,Mechanical Engineering BS,,5
411,Analytics BA,,5
412,Mechanical Engineering BS,,5
413,Chemical Engineering BS,,5
414,Chemical Engineering BS,,5
415,Chemical Engineering BS,,5
416,Aerospace Engineering BS,,5
417,Aerospace Engineering BS,,5
418,Chemical Biology BS,,5
419,Aerospace Engineering BS,,5
420,Physics BA,,5
421,Mechanical Engineering BS,,5
422,Molecular & Cell Biology BA,,5
423,Aerospace Engineering BS,,5
424,Aerospace Engineering BS,,1
425,Letters & Sci Undeclared UG,,1
426,Non-UC Campus Visitor CCH UG,,5
427,Applied Mathematics BA,,5
428,Civil & Environmental Eng PhD,,G
429,Mechanical Engineering BS,,3
430,Letters & Sci Undeclared UG,,5
431,Letters & Sci Undeclared UG,,3
432,Letters & Sci Undeclared UG,,3
433,Statistics BA,,3
434,Letters & Sci Undeclared UG,,3
435,Mathematics BA,,7
436,Mechanical Engineering BS,,1
437,Chemical Engineering BS,,1
